用户名,车辆类型,行驶里程,百公里油耗,裸车购买价,购买时间,购买地点,评价口碑,各项评分,购车目的,满意,不满意
九离十,2024款 A8L 50 TFSI quattro 臻选型,5100km,11.0L,70.00万,2024-05,成都,4.14,空间:4，驾驶感受:5，油耗:4，外观:5，内饰:4，性价比:4，配置:3,跑长途 商务差旅,如果不是公司需要，我还真有点不太敢开它，因为在我的印象中，开奥迪A8的都是非富即贵，要么公司用车，要么公务用...,不满意的是价格稍稍有点偏贵，当初买车我都是想了又想，忍了又忍才买下来的，只想提升一下自己的逼格。不过也带...
Mr洪哥,2024款 A8L 50 TFSI quattro 臻选型,4600km,12.8L,69.20万,2024-05,成都,4.71,空间:5，驾驶感受:5，油耗:4，外观:5，内饰:5，性价比:5，配置:4,上下班 自驾游,奥迪给人的感觉就是低调中透着奢华，A8L作为品牌的旗舰，更是将这种气场发挥得淋漓尽致，开着它出门，时刻都能感...,不满意的暂时没有，不过可以说一下不算问题的问题。A8L保有量相对比较低，路上的能见度不高，本身这算不上什么，...
成都车友6128099,2024款 A8L 45 TFSI quattro 豪华型,5378km,10.2L,56.80万,2024-05,成都,4.71,空间:5，驾驶感受:4，油耗:5，外观:5，内饰:5，性价比:5，配置:4,,开了我这个a8三个多月，基本没出任何问题，所以奥迪的品质和做工还真的是值得信赖的。最初选车的时候还想买另一...,A柱区域的风噪有点儿明显，不知道是不是个例，反正我听到尤其的大噪音，都不用跑高速，就平时跑到七十码就有了。...
大路得自己走,2024款 A8L 45 TFSI quattro 豪华型,4650km,10.6L,56.80万,2024-02,成都,4.71,空间:5，驾驶感受:5，油耗:5，外观:5，内饰:4，性价比:5，配置:4,,满意的地方真的不要太多，最满意的话还是A8那无与伦比的豪华气场，开着它出门，都感觉自己自带主角光环，那种尊...,说实话，开A8出门很容易被当成是司机，只有从后门下车才尊贵，从驾驶室下来的嘛，不认识的就会把我当司机看待，这...
小超超m,2024款 A8L 50 TFSI quattro 尊享型,8500km,11.3L,95.00万,2024-01,临沂,4.43,空间:4，驾驶感受:4，油耗:4，外观:5，内饰:5，性价比:5，配置:4,,最近生意上比较红火，打算买个车犒劳一下自己，一开始打算换一个新款的q7，但是去店里看到车以后就让我放弃了这...,开习惯suv换到轿车上第一个感觉就是视野不行，就好像做地上开车似的（不过这应该是我的问题，买车前一个月一直...
清醒过来情绪,2024款 A8L 55 TFSI quattro 旗舰型,7314km,11.5L,96.30万,2023-12,潍坊,4.86,空间:5，驾驶感受:5，油耗:5，外观:5，内饰:4，性价比:5，配置:5,,我最喜欢的就是它的设计了，简约而又不失高雅，每一个细节都充满了艺术感。车身的线条流畅自然，完美地融合了现...,对于这辆旗舰级轿车，我对其期望值非常高，然而，在行驶过程中，尤其是经过减速带时，主驾驶门板里偶尔会传出轻微...
临沂车友5173417,2024款 A8L Horch创始人版 55TFSI,4000km,11.0L,130.00万,2024-03,临沂,4.29,空间:5，驾驶感受:4，油耗:4，外观:5，内饰:4，性价比:4，配置:4,,一开始去看的迈巴赫，因为新款迈巴赫产品力还是很强的，但是身边人开迈巴赫的有点多，光我们家小区就有两辆，我...,也经过了这么一段时间的体验，感觉。一直没有找到一个合适的地方放手机，要是中控不放水的话还可以卡在水杯架里...
临沂车友2112474,2024款 A8L 55 TFSI quattro 旗舰型,5000km,10.5L,95.30万,2024-01,临沂,4.43,空间:5，驾驶感受:5，油耗:4，外观:5，内饰:4，性价比:4，配置:4,,一直很喜欢奥迪这个品牌，加上最近又有商务需求属性的这么一台车，所以就把目光放到了A8上面。这几款车，我感觉...,新款以后虽然外观的辨识度改了上来，但是内饰还是和A6大差不差，有时候拍个内饰照片出去，人家都以为是A6，这一...
开心超人不会飞,2023款 A8L 50 TFSI quattro 尊享型,7451km,12.6L,77.60万,2023-09,济南,4.86,空间:5，驾驶感受:5，油耗:5，外观:5，内饰:5，性价比:5，配置:4,,当初选择它就是冲着性价比来的，我感觉这个车的价格方面还是要比S和七系来的更加实惠，我因为出去谈合作需要一...,不太满意的地方就是中控屏幕和副驾前面装饰饰板挺容易粘指纹的，因为我的手平时就容易出汗，一到夏天的时间，每...
全国深蓝车友会泽西,2023款 A8L 50 TFSI quattro 尊享型,10088km,13.8L,79.70万,2023-06,上海,4.29,空间:5，驾驶感受:5，油耗:3，外观:4，内饰:5，性价比:4，配置:4,,最满意的是这款车配备了强大而高效的动力系统。3.0T发动机与48V轻混系统的结合，提供了充沛的动力输出和平顺的...,不满意的地方可能就只有油耗和参数差的有点多哈哈都这个价位了谁能在乎油耗呢
