商品价格,商品名称,企业名称
¥5088,精准营销【拓客宝】精准获客系统,八戒软件开发服务
¥2000,微信小程序会员分销商城招聘直播点餐预约,南京捷创科技
¥1800,区块链通用型,秒知科技-质量高-交付快-优惠
¥3000,微信小程序会员分销商城招聘直播点餐预约,南京捷创科技
¥1800,协同办公,秒知科技-质量高-交付快-优惠
¥100,|,MES-生产管理-防伪溯源-物联网-APS排产-WMS-车间
¥5,发票查验|,八戒工商财税服务
¥138,房产美容健身能源erp管理,鹿跃设计
¥2988,企业财务管理,八戒工商财税服务
¥168,B2C商城独立站建设/,海贝石科技
¥1000,进销存|软件应用开发|,跟进数科
¥10000,app开发定制物联网教育安卓苹果IOS软件,聚诚13年国高专精特新实体企业
¥1000,软件开发ERP管理软件开发,起搏软件-专业12年软件开发
¥600,系统界面软件ui后台管理网页设计,艺站库设计-一站式设计解决方案
¥1000,微信商城NFT数字藏品前端小程序定制开发,北京麦萌科技有限公司
¥5888,抖音支付宝微信小程序定制开发,上海鼎朔-13年深耕定制化服务
¥5000,系统定制开发/,云兴软件科技
¥6888,车辆调度系统开发物流运输配送管理软件,上海鼎朔-13年深耕定制化服务
¥107,软件开发网站定制OA系统CRM系统,汇创时代-已获得千万级天使轮
¥27000,病理切片管理系统升级定制开发,华雅创伟
¥200,数智社区,天智通
¥2980,企,安徽高智网络科技有限公司
¥1,宠物微信小程序开发宠物多门店系统宠物,二十四小时科技团队9年实体店
¥500,前端html代码切图开发软件大屏硬件触摸屏展示,轻妙视觉
¥150,掌上预约服务,蓉辰软件十年品质
¥6800,快速部署-社交电商系统，,慧科盈商
¥3500,SIP服务软件定制化,呼呼通saas呼叫中心
¥1980,互联网医院软件/小程序源码,匠通科技-10年专注互联网开发-猪八戒行业之星
¥4999,电商APP服务|电商小程序及商城,中创云服-高品质软件服务商
¥899,模板,匠通科技-10年专注互联网开发-猪八戒行业之星
¥5999,微信小程序商城,千鸟互联
¥99,软件开发/,壹加云
¥3000,微信小程序定制开发购物商城,多门店商城,,如峰网络
¥1899,小程序开发H5公众号APP开发支持二三级分销商城,珊泽网络服务
¥10000,能源管理碳管理碳排放碳达峰项目管理,完梦科技-有梦想找完梦
¥100,小程序定制开发,皮皮虾科技★专业定制开发
¥1,点餐小程序系统开发java源码外卖预约,青岛蓝图科技-为您提供技术支持
¥2000,app开发定制外包物联电商城直播购物医疗安卓软件,皮皮虾科技★专业定制开发
¥198,商城小程序系统开发java源码拼团砍价秒,青岛蓝图科技-为您提供技术支持
¥1000,微信开发公众号前端H5分销商城官网软件定制开发,咚乐网络
¥20000,CRM客户管理系统开发/业务管理软件开发定制,海贝石科技
¥4588,【旗舰产品】商城小程序开发-快速搭建商城,八戒软件开发服务
¥10,招聘小程序H5 求职招聘抖音小雪花获客源码,成都辰宁科技
¥1000,AI智能/物联网/自动化控制/上位机/CS通讯/远程备份,艾迪科技
¥10,门店预约会员储值赠费分销项目预约到店会员商城优惠,成都辰宁科技
¥100,微信开发小程序定制开发源码社交电商,上海延喻科技-全国top服务商
¥100,系统OA办公财务系统企业管理软件开发定制,迷古科技-斩获上海市科技成果一等奖
¥100,系统研发企业管理协同软件办公系统定制开发,上海延喻科技-全国top服务商
¥100,IT交通运输农林牧渔erp网页,千红视觉
¥850,物业管理系统,凯林数字
¥1300,软件开发/电商,帮利智能科技-10年系统开发
¥200,系统界面软件ui后台管理网页设计,千红视觉
¥101,系统网站APP小程序开发智慧教育医疗电商物流方案,安智通
¥100,APP小程序物联网,三只熊科技
¥200,定制系统开发CRM客户管理系统,本亚信息科技
¥20000,支付宝微信公众号小程序商城H5定制分销旅,天迅达科技-国家高新技术企业
¥1980,给家政公司做电子简历，查背调，三方面试，电子合同,开家政就用熊猫系统
¥1000,一站式客服运营解决方案,成都科易视讯科技有限公司
¥20000,物联网/水利/地灾/智能设备,成都云智北斗科技有限公司
¥5000,为您提供业财一体化平台,GeeGuo
